Top queries,Clicks,Impressions,CTR,Position
the show company,36,85,42.35%,2.18
theshowcompany,3,8,37.5%,7.62
owner contact number,1,1,100%,1
show company,0,147,0%,4.39
show companies,0,32,0%,3.38
shows company,0,16,0%,4.12
company show,0,14,0%,8.07
shows company name,0,13,0%,4.85
the shows,0,12,0%,6.25
show the company,0,11,0%,5.45
the show events,0,8,0%,7.75
the show company pte ltd,0,5,0%,40
showcompany,0,4,0%,3.5
show team,0,4,0%,8.5
company shows,0,4,0%,9.5
www show com,0,3,0%,2
show entertainment,0,3,0%,4
comedy companies,0,3,0%,5.67
show production,0,3,0%,6
show in detail,0,3,0%,14.33
shows companies,0,2,0%,2.5
comedy production,0,2,0%,11
the show hyderabad,0,2,0%,11.5
show corporate,0,2,0%,25.5
tell and show company,0,2,0%,29.5
show to,0,2,0%,34
comedy production companies,0,1,0%,1
india stand up comedian,0,1,0%,1
show production company,0,1,0%,1
showcom,0,1,0%,1
stand up comedian of india,0,1,0%,1
stand up comedians india,0,1,0%,1
stand up company,0,1,0%,1
standup comedian,0,1,0%,1
the show production,0,1,0%,1
indian comedy shows,0,1,0%,2
phone,0,1,0%,2
shoe company,0,1,0%,2
show company name,0,1,0%,3
yes give me more,0,1,0%,3
show corporation,0,1,0%,7
professional shows,0,1,0%,9
sthe show company,0,1,0%,10
the company show,0,1,0%,10
group shows,0,1,0%,11
with show,0,1,0%,11
the show,0,1,0%,14
company the show,0,1,0%,26
the company live,0,1,0%,28
show com,0,1,0%,38
show company singapore,0,1,0%,40
shows com,0,1,0%,63
showspace,0,1,0%,65